{
  "project_info": {
    "project_number": "915218302758",
    "firebase_url": "https://aox-app-c750e.firebaseio.com",
    "project_id": "aox-app-c750e",
    "storage_bucket": "aox-app-c750e.appspot.com"
  },
  "client": [
    {
      "client_info": {
        "mobilesdk_app_id": "1:915218302758:android:3104d3e1fe28e42806e3e7",
        "android_client_info": {
          "package_name": "com.ao.aoxapp"
        }
      },
      "oauth_client": [
        {
          "client_id": "915218302758-o3dl06kel4jkg5hib1b8smhd98f8ht96.apps.googleusercontent.com",
          "client_type": 1,
          "android_info": {
            "package_name": "com.ao.aoxapp",
            "certificate_hash": "9d8e0175eeaad2798e6008998add6990349ef518"
          }
        },
        {
          "client_id": "915218302758-nfjbroh1ern5hm9a46siqacbfnq4jnu9.apps.googleusercontent.com",
          "client_type": 3
        }
      ],
      "api_key": [
        {
          "current_key": "AIzaSyAzBvKcwR5Ik31iSlecmqTfPPE2GIRiFNg"
        }
      ],
      "services": {
        "appinvite_service": {
          "other_platform_oauth_client": [
            {
              "client_id": "915218302758-nfjbroh1ern5hm9a46siqacbfnq4jnu9.apps.googleusercontent.com",
              "client_type": 3
            }
          ]
        }
      }
    }
  ],
  "configuration_version": "1"
}